{
    "name":"挽风导航V1.0",
    "description":"由挽风博客站长“凌云”开发(作者QQ：2044037949，微信：wrykdfc，挽风博客网址：www.a754.com )",
    "homepage":"http://www.a754.com",
    "version":"2.0.6",
    "update":"2023/09/13",
    "author":"凌云",
    "screenshot":"",
    "config": {
        "style":0,
        "logo":"./templates/home/wanfeng/image/logo.png",
        "title":"免费收录各位站长的网站",
        "navbar_link":"<li><a href=\"https://gitee.com/tznb/TwoNav\">关于本站</a></li>",
        "friend_link":"<li><a href=\"https://www.a754.com\" target=\"_blank\">挽风博客</a></li> <li><a href=\"https://gitee.com/tznb/TwoNav\" title=\"项目地址\" target=\"_blank\">TwoNav</a></li>",
        "search":"1",
        "card_padding":15,
        "card_style":"2",
        "gg":"1",
        "gundong_gg":"广告位招租中,广告位一个月10元/月，购买联系站长！",
        "gg_list":"<li><a href=\"#\" target=\"_blank\">1号广告位</a></li><li><a href=\"#\" target=\"_blank\">2号广告位</a></li>",
        "ggw1":"<img data-src=\"./templates/home/wanfeng/image/guanggao1.png\">",
        "home_code1":"",
        "wenzhang_sl":"10",
        "wenzhang_nz":1,
        "myaudio":"https://api.uomg.com/api/rand.music",
        "myaudio_autoplay":0,
        "myaudio_loop":1,
        "in_admin":1,
        "main_height":600,
        "max_width":1200,
        "xinwenlanmu":0,
        "QQ":"2044037949",
        "WX":"wrykdfc",
        "email":"2044037949@qq.com",
        "QR_data":"[{\"data-src\":\"./templates/home/wanfeng/image/qqqun.png\",\"a\":\"扫码加QQ群\"},{\"data-src\":\"./templates/home/wanfeng/image/wxqun.jpg\",\"a\":\"扫码加微信\"}]",
        "disclaimers":"本站一些文章来自互联网收集，仅供用于学习和交流，请遵循相关法律法规.本站一切资源不代表本站立场，如有侵权/违规/不妥请联系本站删除，敬请谅解",
        "bottom_a":"<li><a href=\"#\">网站地图</a></li><li><a href=\"#\">广告合作</a></li><li><a href=\"#\" >免责声明</a></li>",
        "tongji":"",
        "mourn":0,
        "yibujiazai":1,
        
        "grbjtp":"./templates/home/wanfeng/image/default3.jpg",
        "grzy1":"./favicon.ico",
        "wz_code1":"",
        "wz_code2":""
    },
    "support":{
        "subitem":0,
        "category_svg":0
    }
}