{
    "name":"5IUX搜索",
    "description":"简单搜索，一个简单的前端界面。用惯了各种导航首页，满屏幕尽是各种不厌其烦的广告和资讯；尝试自己写个自己的主页。",
    "homepage":"https://github.com/5iux/sou/",
    "version":"2.0.2",
    "original_version":"v0.10.0",
    "update":"2023/05/20",
    "author":"5iux",
    "screenshot":"https://s1.ax1x.com/2022/06/01/XJbCjS.jpg",
    "config": {
        "backgroundURL":"https://www.dmoe.cc/random.php",
        "title":"上网，从这里开始！",
        "WeatherPosition":1,
        "WeatherBackground":1
    },
    "support":{
        "subitem":0,
        "category_svg":0
    }
}