{
    "name":"刘桐序",
    "description":"刘桐序",
    "homepage":"https://github.com/liutongxu/liutongxu.github.io",
    "version":"2.0.2",
    "update":"2023/05/20",
    "author":"刘桐序",
    "screenshot":"https://s3.bmp.ovh/imgs/2022/04/17/d6ef1ae5d3abc3ea.jpg",
    "config":{
        "Live2D":0,
        "hitokoto":0
    },
    "support":{
        "subitem":0,
        "category_svg":0
    },
    "uplog":["2023.04.11:修正分类栏二级分类图标错误,调整主体分类名大小"]
}