{
    "name":"咖啡吧导航",
    "description":"极简风格,支持自适应",
    "homepage":"https://github.com/ops-coffee/nav",
    "version":"2.0.1",
    "update":"2023/05/20",
    "author":"ops-coffee",
    "screenshot":"https://s3.uuu.ovh/imgs/2022/10/06/d4a9ea4bd9c54a8c.jpg",
    "config": {
        "search":1,
        "toplink":"<li><a href=\"https://gitee.com/tznb/OneNav\">Gitee</a></li>",
        "bottomlink":"<a href=\"/\" target=\"_blank\">关于本站</a>"
    },
    "support":{
        "subitem":0,
        "category_svg":0
    }
}