{
    "name":"百素",
    "description":"百素",
    "homepage":"https://gitee.com/baisucode/onenav-theme/tree/master/templates/baisu",
    "version":"2.0.3",
    "update":"2023/05/20",
    "author":"百素",
    "screenshot":"https://s3.bmp.ovh/imgs/2022/04/17/6ea45dfbf5f20523.jpg",
    "config": {
        "fonts":0,
        "describe":0,
        "search_url":0,
        "open_with":0,
        "left_width":260,
        "add_link":1,
        "admin_link":1
    },
    "support":{
        "subitem":0,
        "category_svg":0
    }
}