{
    "code": 200,
    "msg": "请求成功·查询配置成功",
    "data": {
        "article": {
            "id": "9527",
            "course": "63666be7964404694b299520",
            "about": "63666be7964404694b299521",
            "help": "63666be7964404694b299522"
        },
        "theme": {
            "pure": [
                {
                    "color": "#FFFFFF",
                    "background": "#31c2e0"
                },
                {
                    "color": "#FFFFFF",
                    "background": "#8e54e9"
                }
            ],
            "wallpaper": [
                {
                    "headerFontColor": "#FFFFFF",
                    "background": "https://s2.loli.net/2023/03/31/oSz3nJB84dC5ueh.jpg"
                },
                {
                    "headerFontColor": "#000000",
                    "background": "https://s2.loli.net/2023/03/31/W9n7RoFvhtlpg6U.jpg"
                }
            ]
        },
        "site": {
            "name": "花森",
            "logoURL": "",
            "redirectURL": "http://huasen.cc/",
            "home": {
                "title": "花森小窝",
                "url": "http://huasen.cc/"
            },
            "footer": {
                "text": "",
                "url": ""
            }
        }
    }
}