{
    "name":"七夏 - quality",
    "description":"由七夏基于六零导航模板二次开发,再由落幕进行适配优化",
    "homepage":"https://www.hbd0.cn/archives/2245.html",
    "version":"2.0.1",
    "original_version":"3.2.0",
    "update":"2023/05/20",
    "author":"七夏/落幕",
    "screenshot":"https://img1.imgtp.com/2022/12/20/fG2ZNzmO.jpg",
    "config": {
        "hitokoto":1,
        "hefeng":1,
        "search":1,
        "nav-bar":1,
        "dblclick":"0",
        "icon":"right_up",
        "links-lists":"max-3",
        "backgroundURL":"./templates/home/quality/img/background.jpg",
        "title":"上网，从这里开始！",
        "nav-link":"",
        "theme_style":0,
        "data_source":1,
        "fad":"",
        "txtad":"",
        "ads_w":"",
        "ad_slider":""
    },
    "support":{
        "subitem":0,
        "category_svg":0
    }
}